23,3,6,500.00,50.00,50.00,50.00,2019-12-18 10:29:29
196,6,7,1000.00,100.00,100.00,100.00,2019-12-18 23:55:33
227,20,7,500.00,50.00,50.00,50.00,2019-12-20 05:40:39
238,22,7,500.00,50.00,50.00,50.00,2019-12-20 10:45:33
45,24,26,5000.00,167.00,167.00,167.00,2019-12-20 14:59:29
123,26,28,5000.00,167.00,167.00,167.00,2019-12-20 16:56:37
211,28,19,1000.00,50.00,50.00,50.00,2019-12-20 18:07:06
70,36,7,500.00,50.00,100.00,50.00,2019-12-22 13:50:34
1109,39,7,1000.00,100.00,100.00,100.00,2019-12-23 00:38:34
1309,45,0,500.00,50.00,250.00,50.00,2019-12-23 10:46:22
77,49,7,1000.00,100.00,100.00,100.00,2019-12-23 15:52:38
988,50,7,1000.00,100.00,100.00,100.00,2019-12-23 15:59:16
33,51,29,100000.00,3334.00,1.00,3334.00,2019-12-23 16:08:52
33,51,29,100000.00,3334.00,1000.00,3334.00,2019-12-23 16:08:52
52,52,7,1000.00,100.00,100.00,100.00,2019-12-23 16:44:58
148,53,0,1000.00,100.00,100.00,100.00,2019-12-23 16:49:32
66,54,7,500.00,50.00,50.00,50.00,2019-12-23 18:23:25
98,56,9,1000.00,100.00,100.00,100.00,2019-12-23 20:02:11
287,59,8,1000.00,100.00,100.00,100.00,2019-12-23 23:15:35
210,60,9,600.00,60.00,60.00,60.00,2019-12-23 23:20:13
107,61,8,1000.00,100.00,100.00,100.00,2019-12-23 23:27:43
141,62,8,500.00,50.00,50.00,50.00,2019-12-23 23:34:11
1562,63,8,500.00,50.00,50.00,50.00,2019-12-24 00:03:56
106,64,8,1000.00,100.00,100.00,100.00,2019-12-24 00:07:44
93,69,8,500.00,50.00,50.00,50.00,2019-12-24 03:22:41
94,71,7,500.00,50.00,50.00,50.00,2019-12-24 03:43:02
1845,72,7,500.00,50.00,50.00,50.00,2019-12-24 04:03:18
51,84,9,1000.00,100.00,100.00,100.00,2019-12-25 13:55:17
2628,85,7,500.00,50.00,50.00,50.00,2019-12-25 15:46:38
2469,87,7,500.00,50.00,50.00,50.00,2019-12-25 20:24:10
266,92,6,500.00,50.00,50.00,50.00,2019-12-26 10:09:38
2330,98,7,500.00,50.00,50.00,50.00,2019-12-26 14:00:20
424,108,7,1000.00,100.00,100.00,100.00,2019-12-27 10:13:42
489,109,7,1000.00,100.00,100.00,100.00,2019-12-27 12:16:08
509,112,7,1000.00,100.00,100.00,100.00,2019-12-27 17:36:42
204,114,6,1000.00,100.00,100.00,100.00,2019-12-27 18:10:24
2001,115,7,1000.00,100.00,100.00,100.00,2019-12-27 18:29:05
193,116,6,1000.00,100.00,100.00,100.00,2019-12-27 18:47:32
3897,118,7,1000.00,100.00,100.00,100.00,2019-12-27 19:37:35
225,119,7,500.00,50.00,50.00,50.00,2019-12-27 21:21:21
2228,120,7,1000.00,100.00,100.00,100.00,2019-12-27 22:17:23
5534,123,7,500.00,50.00,50.00,50.00,2019-12-28 01:12:41
5554,124,6,500.00,50.00,50.00,50.00,2019-12-28 01:31:30
187,126,9,1000.00,100.00,100.00,100.00,2019-12-28 01:56:14
5572,130,6,1000.00,100.00,100.00,100.00,2019-12-28 02:42:05
5596,134,7,1000.00,100.00,100.00,100.00,2019-12-28 04:26:21
2866,136,7,1000.00,100.00,100.00,100.00,2019-12-28 04:58:39
5576,143,9,1000.00,100.00,100.00,100.00,2019-12-28 10:09:15
1,145,7,500.00,50.00,50.00,50.00,2019-12-28 11:29:51
4466,146,7,1000.00,100.00,100.00,100.00,2019-12-28 11:33:40
2418,147,8,500.00,50.00,50.00,50.00,2019-12-28 13:22:08
2834,148,7,500.00,50.00,50.00,50.00,2019-12-28 17:07:59
88,149,7,500.00,50.00,50.00,50.00,2019-12-28 20:19:13
5770,150,7,1000.00,100.00,100.00,100.00,2019-12-28 20:35:25
6026,151,7,1000.00,100.00,100.00,100.00,2019-12-28 21:31:55
6067,152,8,1000.00,100.00,100.00,100.00,2019-12-28 22:16:43
99,153,7,500.00,50.00,50.00,50.00,2019-12-28 22:25:29
5568,154,7,500.00,50.00,50.00,50.00,2019-12-29 00:08:50
6565,155,7,1000.00,100.00,100.00,100.00,2019-12-29 00:58:26
128,156,7,500.00,50.00,50.00,50.00,2019-12-29 01:17:33
6509,157,9,500.00,50.00,50.00,50.00,2019-12-29 02:18:16
6177,158,8,1500.00,150.00,50.00,150.00,2019-12-29 09:41:29
6177,158,8,1500.00,150.00,100.00,150.00,2019-12-29 09:41:29
5533,159,22,5000.00,167.00,167.00,167.00,2019-12-29 12:40:43
6566,160,8,1000.00,100.00,100.00,100.00,2019-12-29 14:44:48
5562,161,7,500.00,50.00,50.00,50.00,2019-12-29 15:22:28
138,162,7,500.00,50.00,50.00,50.00,2019-12-29 19:35:26
8939,163,7,500.00,50.00,100.00,50.00,2019-12-29 20:14:02
180,164,9,500.00,50.00,50.00,50.00,2019-12-29 20:28:14
2223,165,7,1000.00,100.00,100.00,100.00,2019-12-29 20:53:24
1132,166,8,1000.00,100.00,100.00,100.00,2019-12-29 21:53:34
9312,167,8,1000.00,100.00,100.00,100.00,2019-12-29 22:14:49
1725,168,7,1000.00,100.00,100.00,100.00,2019-12-29 23:49:27
5993,169,6,500.00,50.00,100.00,50.00,2019-12-30 01:32:08
5638,170,7,1000.00,100.00,100.00,100.00,2019-12-30 01:45:22
9806,172,9,1000.00,100.00,100.00,100.00,2019-12-30 02:12:29
9923,173,6,500.00,50.00,100.00,50.00,2019-12-30 03:47:44
9921,174,9,500.00,50.00,50.00,50.00,2019-12-30 05:07:13
3667,175,7,1000.00,100.00,100.00,100.00,2019-12-30 05:31:04
4057,176,7,500.00,50.00,50.00,50.00,2019-12-30 11:30:16
3408,177,7,1000.00,100.00,100.00,100.00,2019-12-30 11:38:17
9527,178,7,500.00,50.00,50.00,50.00,2019-12-30 12:22:38
233,180,26,5000.00,167.00,167.00,167.00,2019-12-30 12:57:36
6019,181,7,500.00,50.00,50.00,50.00,2019-12-30 14:29:25
11043,182,7,1000.00,100.00,100.00,100.00,2019-12-30 15:24:15
10023,183,7,1000.00,100.00,100.00,100.00,2019-12-30 15:43:50
11113,184,7,500.00,50.00,50.00,50.00,2019-12-30 15:50:36
11157,186,7,500.00,50.00,100.00,50.00,2019-12-30 16:07:53
11156,187,8,500.00,50.00,50.00,50.00,2019-12-30 16:25:41
3681,188,7,1000.00,100.00,100.00,100.00,2019-12-30 16:33:45
9265,189,7,1000.00,100.00,100.00,100.00,2019-12-30 17:18:18
10695,190,5,500.00,50.00,50.00,50.00,2019-12-30 17:48:37
9966,191,7,1000.00,100.00,100.00,100.00,2019-12-30 17:53:48
11501,192,27,5000.00,167.00,167.00,167.00,2019-12-30 18:53:55
11508,193,7,500.00,50.00,50.00,50.00,2019-12-30 18:59:53
2991,194,7,500.00,50.00,50.00,50.00,2019-12-30 19:05:55
11431,195,9,1000.00,100.00,100.00,100.00,2019-12-30 19:09:01
2426,196,7,500.00,50.00,50.00,50.00,2019-12-30 19:45:14
5897,197,7,500.00,50.00,100.00,50.00,2019-12-30 19:58:16
10841,198,7,500.00,50.00,50.00,50.00,2019-12-30 20:18:50
134,199,7,1000.00,100.00,100.00,100.00,2019-12-30 20:37:05
11746,200,7,500.00,50.00,50.00,50.00,2019-12-30 20:47:06
2735,201,27,5000.00,167.00,167.00,167.00,2019-12-30 22:00:04
12033,203,8,1000.00,100.00,100.00,100.00,2019-12-30 22:22:21
2409,204,27,5000.00,167.00,167.00,167.00,2019-12-30 22:22:45
11594,205,0,500.00,50.00,50.00,50.00,2019-12-31 00:02:06
455,206,7,500.00,50.00,50.00,50.00,2019-12-31 00:30:21
9890,207,7,1000.00,100.00,100.00,100.00,2019-12-31 00:44:03
12525,208,7,500.00,50.00,50.00,50.00,2019-12-31 00:49:50
12402,209,7,1000.00,100.00,100.00,100.00,2019-12-31 00:52:24
69,210,7,500.00,50.00,100.00,50.00,2019-12-31 01:18:34
132,211,8,500.00,50.00,50.00,50.00,2019-12-31 02:27:44
12708,212,9,1000.00,100.00,100.00,100.00,2019-12-31 02:51:50
12730,213,9,1000.00,100.00,100.00,100.00,2019-12-31 03:05:58
9548,214,7,500.00,50.00,50.00,50.00,2019-12-31 03:34:43
6720,215,7,1000.00,100.00,100.00,100.00,2019-12-31 04:42:20
2262,216,7,1000.00,100.00,100.00,100.00,2019-12-31 05:25:01
12844,217,9,1000.00,100.00,100.00,100.00,2019-12-31 05:40:39
7146,219,7,1000.00,100.00,100.00,100.00,2019-12-31 14:40:16
12123,220,17,3000.00,150.00,150.00,150.00,2019-12-31 14:59:18
9997,221,7,1000.00,100.00,100.00,100.00,2019-12-31 15:16:46
541,222,8,500.00,50.00,50.00,50.00,2019-12-31 15:34:28
188,223,29,5000.00,167.00,167.00,167.00,2019-12-31 15:40:52
13436,224,9,1000.00,100.00,100.00,100.00,2019-12-31 15:42:38
12557,225,7,500.00,50.00,50.00,50.00,2019-12-31 16:08:47
9435,226,7,1000.00,100.00,100.00,100.00,2019-12-31 16:18:43
8580,227,7,500.00,50.00,50.00,50.00,2019-12-31 16:33:24
12674,228,7,500.00,50.00,50.00,50.00,2019-12-31 16:42:14
14134,229,7,500.00,50.00,50.00,50.00,2019-12-31 17:00:54
14192,230,8,1000.00,100.00,100.00,100.00,2019-12-31 17:32:23
14202,231,7,500.00,50.00,50.00,50.00,2019-12-31 17:34:34
14065,232,8,1000.00,100.00,100.00,100.00,2019-12-31 17:41:31
96,233,9,500.00,50.00,50.00,50.00,2019-12-31 17:44:16
183,234,8,1000.00,100.00,100.00,100.00,2019-12-31 18:06:53
10947,235,8,1000.00,100.00,100.00,100.00,2019-12-31 18:36:10
12477,236,3,500.00,50.00,50.00,50.00,2019-12-31 18:57:17
11360,237,7,500.00,50.00,50.00,50.00,2019-12-31 18:59:21
12887,238,9,1000.00,100.00,100.00,100.00,2019-12-31 19:02:03
2733,239,6,500.00,50.00,50.00,50.00,2019-12-31 19:27:51
2733,239,6,500.00,50.00,150.00,50.00,2019-12-31 19:27:51
14186,240,7,500.00,50.00,50.00,50.00,2019-12-31 19:49:23
13891,241,7,1000.00,100.00,100.00,100.00,2019-12-31 19:55:59
824,242,7,1000.00,100.00,100.00,100.00,2019-12-31 20:15:53
14518,243,7,1000.00,100.00,100.00,100.00,2019-12-31 20:26:06
13609,244,7,500.00,50.00,50.00,50.00,2019-12-31 20:33:04
14567,245,7,500.00,50.00,50.00,50.00,2019-12-31 20:45:52
835,246,18,3000.00,150.00,150.00,150.00,2019-12-31 20:57:05
13832,247,7,500.00,50.00,50.00,50.00,2019-12-31 21:09:59
14513,248,8,1000.00,100.00,100.00,100.00,2019-12-31 21:41:19
9192,249,7,500.00,50.00,50.00,50.00,2019-12-31 21:44:50
14356,250,9,1000.00,100.00,100.00,100.00,2019-12-31 22:14:43
463,251,8,1000.00,100.00,100.00,100.00,2019-12-31 22:15:17
1979,252,9,500.00,50.00,50.00,50.00,2019-12-31 22:26:34
14861,253,7,500.00,50.00,50.00,50.00,2019-12-31 22:34:34
14842,254,19,3000.00,150.00,150.00,150.00,2019-12-31 22:35:03
14906,255,9,1000.00,100.00,100.00,100.00,2019-12-31 22:42:57
14435,256,8,500.00,50.00,50.00,50.00,2019-12-31 22:47:04
14188,257,7,500.00,50.00,50.00,50.00,2019-12-31 22:50:45
11209,258,6,1000.00,100.00,200.00,100.00,2019-12-31 23:02:15
208,259,8,1000.00,100.00,100.00,100.00,2019-12-31 23:13:04
65,260,8,500.00,50.00,50.00,50.00,2019-12-31 23:42:22
97,261,7,500.00,50.00,50.00,50.00,2019-12-31 23:47:00
13009,262,27,5000.00,167.00,167.00,167.00,2020-01-01 00:27:00
11094,263,7,500.00,50.00,50.00,50.00,2020-01-01 00:42:37
11355,264,8,1000.00,100.00,100.00,100.00,2020-01-01 00:44:55
1042,265,6,1000.00,100.00,100.00,100.00,2020-01-01 00:45:22
15157,266,7,500.00,50.00,50.00,50.00,2020-01-01 00:52:01
15133,267,8,1000.00,100.00,100.00,100.00,2020-01-01 01:37:32
1821,268,7,1000.00,100.00,100.00,100.00,2020-01-01 02:44:22
15342,270,9,500.00,50.00,50.00,50.00,2020-01-01 03:11:56
2198,271,9,500.00,50.00,50.00,50.00,2020-01-01 07:56:54
1690,272,9,500.00,50.00,50.00,50.00,2020-01-01 09:00:47
1664,273,9,500.00,50.00,50.00,50.00,2020-01-01 13:45:33
1670,274,9,500.00,50.00,50.00,50.00,2020-01-01 14:30:55
1863,275,7,500.00,50.00,50.00,50.00,2020-01-02 03:58:29
16322,276,9,500.00,50.00,50.00,50.00,2020-01-02 16:36:42
450,277,7,500.00,50.00,50.00,50.00,2020-01-02 17:08:12
5843,278,8,500.00,50.00,50.00,50.00,2020-01-02 17:29:10
342,279,16,3000.00,150.00,150.00,150.00,2020-01-02 20:57:45
4129,280,6,500.00,50.00,50.00,50.00,2020-01-02 22:10:39
16494,281,8,1000.00,100.00,100.00,100.00,2020-01-03 00:04:29
16689,282,7,500.00,50.00,50.00,50.00,2020-01-03 18:16:38
2286,283,8,1000.00,100.00,100.00,100.00,2020-01-04 00:09:44
3358,284,9,1000.00,100.00,100.00,100.00,2020-01-04 15:37:41
16469,285,7,1000.00,100.00,100.00,100.00,2020-01-04 20:02:55
6528,286,27,5000.00,167.00,167.00,167.00,2020-01-05 13:52:16
16424,287,8,1000.00,100.00,100.00,100.00,2020-01-05 20:30:59
17172,288,29,5000.00,167.00,167.00,167.00,2020-01-06 02:10:19
16546,289,17,3000.00,150.00,300.00,150.00,2020-01-06 04:50:56
17201,290,8,500.00,50.00,100.00,50.00,2020-01-06 11:23:11
16720,291,7,1000.00,100.00,50.00,100.00,2020-01-06 13:01:13
17105,292,7,1000.00,100.00,100.00,100.00,2020-01-06 15:59:47
11407,293,8,500.00,50.00,50.00,50.00,2020-01-06 22:32:30
6271,294,9,500.00,50.00,50.00,50.00,2020-01-06 22:34:04
17486,295,7,500.00,50.00,50.00,50.00,2020-01-07 17:07:57
17532,296,9,500.00,50.00,50.00,50.00,2020-01-07 20:00:34
16526,297,8,500.00,50.00,50.00,50.00,2020-01-08 05:21:51
14976,298,7,500.00,50.00,50.00,50.00,2020-01-08 17:12:37
17715,299,9,500.00,50.00,50.00,50.00,2020-01-08 21:19:02
17725,300,9,500.00,50.00,50.00,50.00,2020-01-08 21:40:38
17595,301,7,1000.00,100.00,100.00,100.00,2020-01-09 02:05:56
16127,302,29,5000.00,167.00,167.00,167.00,2020-01-09 18:39:56
102,303,27,10000.00,334.00,334.00,334.00,2020-01-10 16:19:19
17487,305,8,1000.00,100.00,200.00,100.00,2020-01-10 19:29:23
18024,306,8,1000.00,100.00,100.00,100.00,2020-01-10 19:41:40
18124,307,7,500.00,50.00,50.00,50.00,2020-01-11 02:10:51
17414,308,18,3000.00,150.00,150.00,150.00,2020-01-11 08:08:33
16443,309,7,500.00,50.00,50.00,50.00,2020-01-11 20:05:50
17548,310,7,500.00,50.00,50.00,50.00,2020-01-12 13:51:55
18359,311,8,500.00,50.00,50.00,50.00,2020-01-12 17:45:06
18363,312,7,1000.00,100.00,100.00,100.00,2020-01-12 18:53:25
17707,313,8,500.00,50.00,50.00,50.00,2020-01-12 20:31:40
17281,314,6,500.00,50.00,50.00,50.00,2020-01-13 02:48:30
18366,315,6,500.00,50.00,100.00,50.00,2020-01-13 21:26:39
5192,316,7,500.00,50.00,50.00,50.00,2020-01-14 12:57:29
12263,317,8,500.00,50.00,100.00,50.00,2020-01-14 21:27:52
3596,318,8,1000.00,100.00,100.00,100.00,2020-01-14 21:57:41
17947,319,8,500.00,50.00,50.00,50.00,2020-01-15 02:09:37
18826,320,8,1000.00,100.00,100.00,100.00,2020-01-15 10:16:42
8806,321,8,1000.00,100.00,100.00,100.00,2020-01-15 18:50:21
18818,322,8,500.00,50.00,50.00,50.00,2020-01-15 19:11:13
18020,323,9,500.00,50.00,50.00,50.00,2020-01-15 19:44:48
18583,324,8,1000.00,100.00,100.00,100.00,2020-01-15 22:18:29
18667,325,8,500.00,50.00,50.00,50.00,2020-01-15 23:16:06
16638,326,17,3000.00,150.00,150.00,150.00,2020-01-16 01:45:44
17748,327,7,1000.00,100.00,200.00,100.00,2020-01-16 15:58:40
18397,328,8,500.00,50.00,50.00,50.00,2020-01-16 20:11:12
18200,329,7,500.00,50.00,50.00,50.00,2020-01-16 22:18:02
17535,330,8,500.00,50.00,50.00,50.00,2020-01-17 12:14:58
17910,331,8,500.00,50.00,50.00,50.00,2020-01-17 12:39:18
17899,332,8,500.00,50.00,50.00,50.00,2020-01-17 21:13:10
17875,333,8,500.00,50.00,50.00,50.00,2020-01-18 22:16:03
17906,334,8,500.00,50.00,50.00,50.00,2020-01-18 22:22:26
7467,336,8,500.00,50.00,50.00,50.00,2020-01-21 15:57:56
325,337,9,500.00,50.00,50.00,50.00,2020-01-21 17:41:27
17772,338,8,500.00,50.00,50.00,50.00,2020-01-21 20:11:15
12541,340,9,1000.00,100.00,100.00,100.00,2020-01-22 01:31:44
19941,341,8,500.00,50.00,50.00,50.00,2020-01-23 02:14:02
19818,342,8,500.00,50.00,50.00,50.00,2020-01-23 08:24:54
6029,343,8,500.00,50.00,50.00,50.00,2020-01-23 20:12:44
17227,344,8,500.00,50.00,50.00,50.00,2020-01-23 20:45:50
20181,345,8,1000.00,100.00,100.00,100.00,2020-01-24 17:28:41
19493,346,8,500.00,50.00,50.00,50.00,2020-01-27 03:34:37
17531,347,8,500.00,50.00,50.00,50.00,2020-01-27 13:00:40
9825,348,8,500.00,50.00,50.00,50.00,2020-01-27 23:12:58
316,349,9,1000.00,100.00,100.00,100.00,2020-01-28 05:12:43
18399,350,8,500.00,50.00,50.00,50.00,2020-01-28 05:29:07
313,351,8,1000.00,100.00,100.00,100.00,2020-01-29 00:18:00
3884,352,8,1000.00,100.00,100.00,100.00,2020-01-29 18:32:03
17808,353,7,500.00,50.00,50.00,50.00,2020-01-29 21:46:21
17883,354,8,500.00,50.00,50.00,50.00,2020-01-30 01:15:52
312,356,9,1000.00,100.00,100.00,100.00,2020-01-30 08:35:20
50,27,6,1000.00,100.00,250.00,100.00,2020-02-19 16:22:27
1392,46,6,600.00,60.00,100.00,60.00,2020-02-22 03:04:20
1392,46,6,600.00,60.00,10.00,60.00,2020-02-22 03:04:20
3960,179,18,25500.00,1275.00,151.00,1275.00,2020-02-03 21:36:57
3960,179,18,25500.00,1275.00,1000.00,1275.00,2020-02-03 21:36:57
5431,185,8,600.00,60.00,50.00,60.00,2020-02-27 20:11:27
12972,218,9,2000.00,200.00,100.00,200.00,2020-02-29 18:40:10
17937,304,27,5500.00,184.00,167.00,184.00,2020-02-13 17:52:36
18567,335,8,600.00,60.00,49.00,60.00,2020-02-07 03:46:14
18567,335,8,600.00,60.00,10.00,60.00,2020-02-07 03:46:14
17951,355,29,5500.00,184.00,167.00,184.00,2020-02-13 02:04:27
17951,355,29,5500.00,184.00,50.00,184.00,2020-02-13 02:04:27
20632,357,8,500.00,50.00,50.00,50.00,2020-02-01 01:26:09
13742,358,8,500.00,50.00,50.00,50.00,2020-02-01 16:42:59
1838,359,8,100.00,10.00,10.00,10.00,2020-02-01 22:48:01
20614,360,9,500.00,50.00,50.00,50.00,2020-02-02 00:52:47
18296,361,9,250.00,25.00,25.00,25.00,2020-02-02 06:16:29
18517,362,9,500.00,50.00,50.00,50.00,2020-02-02 09:48:40
643,363,8,100.00,10.00,10.00,10.00,2020-02-02 10:46:42
3120,364,8,100.00,10.00,10.00,10.00,2020-02-02 10:56:30
444,365,8,100.00,10.00,10.00,10.00,2020-02-02 13:34:08
343,366,7,100.00,10.00,10.00,10.00,2020-02-02 15:25:11
20523,367,8,250.00,25.00,25.00,25.00,2020-02-02 17:05:16
19719,368,8,500.00,50.00,50.00,50.00,2020-02-02 18:38:47
18762,369,9,500.00,50.00,50.00,50.00,2020-02-02 19:38:30
2551,370,9,100.00,10.00,10.00,10.00,2020-02-02 21:22:37
341,371,8,100.00,10.00,10.00,10.00,2020-02-02 23:26:03
16380,372,9,350.00,35.00,10.00,35.00,2020-02-23 20:20:46
16380,372,9,350.00,35.00,25.00,35.00,2020-02-23 20:20:46
322,373,6,100.00,10.00,20.00,10.00,2020-02-03 03:20:18
17711,374,6,100.00,10.00,10.00,10.00,2020-02-03 05:19:21
21084,375,28,5000.00,167.00,167.00,167.00,2020-02-03 05:27:26
21093,376,8,100.00,10.00,10.00,10.00,2020-02-03 10:05:53
7032,377,8,100.00,10.00,10.00,10.00,2020-02-03 15:16:58
20883,378,9,250.00,25.00,25.00,25.00,2020-02-03 19:54:58
11667,379,8,100.00,10.00,20.00,10.00,2020-02-03 22:56:38
177,380,8,100.00,10.00,10.00,10.00,2020-02-04 01:43:59
11303,381,10,800.00,80.00,10.00,80.00,2020-02-17 02:58:15
11303,381,10,800.00,80.00,25.00,80.00,2020-02-17 02:58:15
2554,382,8,100.00,10.00,10.00,10.00,2020-02-04 10:10:25
3433,383,8,100.00,10.00,10.00,10.00,2020-02-04 12:03:00
19145,384,8,200.00,20.00,10.00,20.00,2020-02-28 05:19:38
19145,384,8,200.00,20.00,20.00,20.00,2020-02-28 05:19:38
20909,385,9,1000.00,100.00,100.00,100.00,2020-02-04 17:52:44
2569,386,9,100.00,10.00,10.00,10.00,2020-02-04 19:41:45
19516,387,8,250.00,25.00,25.00,25.00,2020-02-05 02:09:04
5711,388,8,100.00,10.00,20.00,10.00,2020-02-05 06:43:48
21263,389,9,100.00,10.00,10.00,10.00,2020-02-05 14:08:23
226,390,8,100.00,10.00,10.00,10.00,2020-02-05 17:25:49
21334,391,9,250.00,25.00,25.00,25.00,2020-02-05 17:55:46
6149,392,9,100.00,10.00,10.00,10.00,2020-02-05 18:04:06
1122,393,8,100.00,10.00,10.00,10.00,2020-02-05 21:59:18
6183,394,7,100.00,10.00,10.00,10.00,2020-02-05 22:16:49
11467,395,8,100.00,10.00,10.00,10.00,2020-02-05 23:08:31
20956,396,9,100.00,10.00,10.00,10.00,2020-02-06 00:12:33
21172,397,8,1000.00,100.00,50.00,100.00,2020-02-06 02:26:00
21172,397,8,1000.00,100.00,100.00,100.00,2020-02-06 02:26:00
20953,398,8,100.00,10.00,10.00,10.00,2020-02-06 02:28:22
19268,399,8,250.00,25.00,25.00,25.00,2020-02-06 05:40:19
3031,400,9,250.00,25.00,25.00,25.00,2020-02-06 06:51:08
21118,401,9,100.00,10.00,10.00,10.00,2020-02-06 15:48:28
21302,402,9,450.00,45.00,10.00,45.00,2020-02-24 19:26:33
21302,402,9,450.00,45.00,25.00,45.00,2020-02-24 19:26:33
20026,403,8,500.00,50.00,50.00,50.00,2020-02-06 18:00:37
18460,404,8,250.00,25.00,25.00,25.00,2020-02-06 18:28:23
17969,405,8,100.00,10.00,10.00,10.00,2020-02-06 18:37:21
2977,406,8,100.00,10.00,10.00,10.00,2020-02-06 20:04:11
1831,407,8,100.00,10.00,10.00,10.00,2020-02-06 23:28:47
1897,408,8,100.00,10.00,10.00,10.00,2020-02-07 03:39:12
6233,409,8,100.00,10.00,10.00,10.00,2020-02-07 07:43:00
2402,410,8,100.00,10.00,10.00,10.00,2020-02-07 09:46:04
13208,411,9,100.00,10.00,10.00,10.00,2020-02-07 14:08:12
13584,412,8,100.00,10.00,10.00,10.00,2020-02-07 15:43:46
14600,413,8,100.00,10.00,10.00,10.00,2020-02-07 17:01:21
21069,414,9,100.00,10.00,10.00,10.00,2020-02-07 20:17:51
21247,415,9,250.00,25.00,25.00,25.00,2020-02-07 22:00:09
21546,416,8,1000.00,100.00,100.00,100.00,2020-02-07 22:42:32
4725,417,8,100.00,10.00,10.00,10.00,2020-02-08 01:45:29
2480,419,8,100.00,10.00,10.00,10.00,2020-02-08 19:01:43
21628,420,19,3000.00,150.00,150.00,150.00,2020-02-08 23:31:48
21642,421,8,250.00,25.00,25.00,25.00,2020-02-09 03:44:02
21365,422,8,1000.00,100.00,100.00,100.00,2020-02-09 04:07:03
779,423,9,100.00,10.00,10.00,10.00,2020-02-09 12:32:15
21631,424,0,100.00,10.00,10.00,10.00,2020-02-09 14:31:24
21631,424,0,100.00,10.00,90.00,10.00,2020-02-09 14:31:24
21667,425,9,100.00,10.00,10.00,10.00,2020-02-09 15:32:15
18260,426,8,100.00,10.00,10.00,10.00,2020-02-09 19:43:53
21022,427,8,1000.00,100.00,100.00,100.00,2020-02-09 19:50:55
231,428,8,250.00,25.00,25.00,25.00,2020-02-09 20:59:29
18068,429,8,1000.00,100.00,100.00,100.00,2020-02-10 05:31:13
14304,430,7,100.00,10.00,10.00,10.00,2020-02-10 06:43:13
21179,431,8,100.00,10.00,10.00,10.00,2020-02-10 09:16:16
21488,432,9,100.00,10.00,10.00,10.00,2020-02-10 15:24:25
2751,433,8,100.00,10.00,10.00,10.00,2020-02-10 18:22:32
21250,434,9,100.00,10.00,10.00,10.00,2020-02-10 18:58:11
18907,435,9,100.00,10.00,10.00,10.00,2020-02-10 21:12:42
2038,436,8,100.00,10.00,10.00,10.00,2020-02-10 21:13:07
1855,437,9,100.00,10.00,10.00,10.00,2020-02-10 21:50:09
19799,438,9,100.00,10.00,10.00,10.00,2020-02-11 12:25:04
21796,439,5,100.00,10.00,50.00,10.00,2020-02-11 12:34:13
18394,440,8,100.00,10.00,10.00,10.00,2020-02-11 14:52:36
2403,441,9,100.00,10.00,10.00,10.00,2020-02-11 15:05:42
21288,442,6,200.00,20.00,10.00,20.00,2020-02-26 03:34:41
21288,442,6,200.00,20.00,30.00,20.00,2020-02-26 03:34:41
21378,443,8,100.00,10.00,10.00,10.00,2020-02-11 17:15:53
465,444,8,1000.00,100.00,100.00,100.00,2020-02-11 17:44:39
18410,445,9,100.00,10.00,10.00,10.00,2020-02-11 17:56:58
21659,446,0,100.00,10.00,10.00,10.00,2020-02-11 18:43:16
21659,446,0,100.00,10.00,90.00,10.00,2020-02-11 18:43:16
15697,447,9,100.00,10.00,10.00,10.00,2020-02-11 19:43:46
2299,448,8,100.00,10.00,10.00,10.00,2020-02-11 21:52:46
21817,449,8,100.00,10.00,10.00,10.00,2020-02-11 22:34:44
21525,450,6,250.00,25.00,50.00,25.00,2020-02-11 22:35:49
17527,451,9,100.00,10.00,10.00,10.00,2020-02-11 23:53:31
21596,452,9,200.00,20.00,20.00,20.00,2020-02-19 17:40:57
21596,452,9,200.00,20.00,10.00,20.00,2020-02-19 17:40:57
21952,453,9,1000.00,100.00,100.00,100.00,2020-02-12 07:37:42
21533,454,9,100.00,10.00,10.00,10.00,2020-02-12 12:14:20
19405,455,8,100.00,10.00,10.00,10.00,2020-02-12 14:38:42
2145,456,8,100.00,10.00,10.00,10.00,2020-02-12 16:16:07
1552,457,9,100.00,10.00,10.00,10.00,2020-02-12 17:30:06
21937,458,9,100.00,10.00,10.00,10.00,2020-02-12 22:08:37
18409,459,8,100.00,10.00,10.00,10.00,2020-02-12 23:31:02
21587,460,9,500.00,50.00,50.00,50.00,2020-02-13 03:25:52
282,461,8,100.00,10.00,10.00,10.00,2020-02-13 06:05:27
21846,462,8,100.00,10.00,10.00,10.00,2020-02-13 06:07:38
515,463,9,100.00,10.00,10.00,10.00,2020-02-13 10:44:38
19797,464,8,100.00,10.00,10.00,10.00,2020-02-13 11:07:48
21883,465,9,100.00,10.00,10.00,10.00,2020-02-13 11:26:57
21501,466,8,100.00,10.00,10.00,10.00,2020-02-13 19:04:25
22105,467,8,500.00,50.00,50.00,50.00,2020-02-13 23:05:19
21453,468,9,100.00,10.00,10.00,10.00,2020-02-13 23:24:23
5469,469,9,500.00,50.00,50.00,50.00,2020-02-13 23:46:51
17708,470,9,500.00,50.00,50.00,50.00,2020-02-14 00:03:30
22077,471,9,100.00,10.00,10.00,10.00,2020-02-14 11:12:38
22068,472,9,100.00,10.00,10.00,10.00,2020-02-14 11:16:14
20276,473,9,100.00,10.00,10.00,10.00,2020-02-14 11:31:47
2886,474,9,100.00,10.00,10.00,10.00,2020-02-14 11:56:56
15878,475,9,100.00,10.00,10.00,10.00,2020-02-14 15:25:02
21166,476,9,100.00,10.00,10.00,10.00,2020-02-14 20:23:51
2059,477,8,100.00,10.00,10.00,10.00,2020-02-14 20:50:10
20288,478,9,100.00,10.00,10.00,10.00,2020-02-14 21:17:23
19236,479,8,100.00,10.00,20.00,10.00,2020-02-14 21:22:22
21170,480,6,250.00,25.00,50.00,25.00,2020-02-14 21:34:15
21170,480,6,250.00,25.00,25.00,25.00,2020-02-14 21:34:15
13362,481,9,100.00,10.00,10.00,10.00,2020-02-14 22:30:51
14527,482,9,100.00,10.00,10.00,10.00,2020-02-14 22:45:53
21259,483,8,600.00,60.00,50.00,60.00,2020-02-28 17:18:52
21259,483,8,600.00,60.00,10.00,60.00,2020-02-28 17:18:52
22178,484,9,1000.00,100.00,100.00,100.00,2020-02-14 23:14:28
20911,485,8,100.00,10.00,10.00,10.00,2020-02-15 05:36:37
5707,486,9,250.00,25.00,25.00,25.00,2020-02-15 15:30:14
14886,487,9,500.00,50.00,50.00,50.00,2020-02-15 15:39:24
14130,488,9,500.00,50.00,50.00,50.00,2020-02-15 15:42:36
1851,489,8,100.00,10.00,10.00,10.00,2020-02-15 15:45:28
480,490,9,100.00,10.00,10.00,10.00,2020-02-15 16:47:09
3155,491,9,100.00,10.00,10.00,10.00,2020-02-15 17:27:58
288,492,6,100.00,10.00,20.00,10.00,2020-02-15 17:45:06
18584,493,9,300.00,30.00,10.00,30.00,2020-02-15 18:03:58
22283,494,8,100.00,10.00,10.00,10.00,2020-02-15 19:15:16
22292,495,9,100.00,10.00,10.00,10.00,2020-02-15 19:22:33
21783,496,9,100.00,10.00,10.00,10.00,2020-02-15 20:59:23
6348,497,9,100.00,10.00,10.00,10.00,2020-02-15 21:09:40
19564,498,9,100.00,10.00,10.00,10.00,2020-02-15 21:24:04
344,499,9,100.00,10.00,10.00,10.00,2020-02-15 21:37:18
4428,500,9,100.00,10.00,10.00,10.00,2020-02-15 22:25:01
658,501,8,100.00,10.00,10.00,10.00,2020-02-15 23:11:23
22207,502,9,500.00,50.00,50.00,50.00,2020-02-27 19:39:20
22207,502,9,500.00,50.00,25.00,50.00,2020-02-27 19:39:20
2476,503,9,100.00,10.00,10.00,10.00,2020-02-16 03:43:14
22334,504,8,100.00,10.00,10.00,10.00,2020-02-16 06:38:20
21436,505,9,500.00,50.00,50.00,50.00,2020-02-16 14:36:56
22361,506,8,100.00,10.00,10.00,10.00,2020-02-16 17:08:33
360,507,9,100.00,10.00,10.00,10.00,2020-02-16 17:33:28
778,508,9,100.00,10.00,10.00,10.00,2020-02-16 17:34:39
21995,509,9,100.00,10.00,10.00,10.00,2020-02-16 17:54:04
22379,510,9,100.00,10.00,10.00,10.00,2020-02-16 21:49:03
22333,511,7,100.00,10.00,10.00,10.00,2020-02-16 22:12:09
22295,512,17,5000.00,250.00,250.00,250.00,2020-02-16 22:41:17
22235,513,5,100.00,10.00,50.00,10.00,2020-02-17 00:10:17
22392,514,9,100.00,10.00,10.00,10.00,2020-02-17 00:17:01
18632,515,9,100.00,10.00,10.00,10.00,2020-02-17 01:16:48
18423,516,9,100.00,10.00,10.00,10.00,2020-02-17 07:24:17
17079,517,9,500.00,50.00,50.00,50.00,2020-02-17 12:22:01
2924,518,9,100.00,10.00,10.00,10.00,2020-02-17 15:20:37
22460,519,9,5000.00,500.00,500.00,500.00,2020-02-17 19:54:28
21101,520,9,100.00,10.00,10.00,10.00,2020-02-17 20:29:10
11075,521,9,100.00,10.00,10.00,10.00,2020-02-17 20:56:15
22122,522,9,100.00,10.00,10.00,10.00,2020-02-17 20:59:00
22103,523,9,100.00,10.00,10.00,10.00,2020-02-17 21:16:27
18470,524,9,500.00,50.00,50.00,50.00,2020-02-17 23:20:58
133,525,9,100.00,10.00,10.00,10.00,2020-02-18 07:19:45
340,526,9,100.00,10.00,10.00,10.00,2020-02-18 09:56:31
21497,527,9,100.00,10.00,10.00,10.00,2020-02-18 10:14:58
14901,528,9,100.00,10.00,10.00,10.00,2020-02-18 10:35:54
22072,529,9,100.00,10.00,10.00,10.00,2020-02-18 11:01:21
21951,530,9,250.00,25.00,25.00,25.00,2020-02-18 20:27:04
21657,531,9,100.00,10.00,10.00,10.00,2020-02-18 22:18:35
22053,532,9,500.00,50.00,50.00,50.00,2020-02-18 23:45:02
22325,533,9,100.00,10.00,10.00,10.00,2020-02-19 03:56:15
21733,534,8,250.00,25.00,25.00,25.00,2020-02-19 05:01:22
17872,535,8,100.00,10.00,10.00,10.00,2020-02-19 05:07:31
22296,536,9,1000.00,100.00,100.00,100.00,2020-02-19 12:03:58
2653,537,9,100.00,10.00,10.00,10.00,2020-02-19 14:25:55
18382,538,8,250.00,25.00,50.00,25.00,2020-02-19 16:31:15
22526,539,9,100.00,10.00,10.00,10.00,2020-02-19 16:52:21
14961,540,5,100.00,10.00,50.00,10.00,2020-02-19 18:03:04
15003,541,9,100.00,10.00,10.00,10.00,2020-02-19 18:17:52
3238,542,9,100.00,10.00,10.00,10.00,2020-02-19 18:23:36
14969,543,9,100.00,10.00,10.00,10.00,2020-02-19 19:02:35
19026,544,9,100.00,10.00,10.00,10.00,2020-02-19 19:31:23
22537,545,9,100.00,10.00,10.00,10.00,2020-02-19 19:43:24
192,546,9,100.00,10.00,10.00,10.00,2020-02-19 21:41:36
22423,547,0,100.00,10.00,10.00,10.00,2020-02-19 23:03:05
22482,548,9,100.00,10.00,10.00,10.00,2020-02-20 00:30:10
22490,549,9,100.00,10.00,10.00,10.00,2020-02-20 00:43:48
21736,550,5,100.00,10.00,10.00,10.00,2020-02-20 01:01:07
22632,551,9,100.00,10.00,10.00,10.00,2020-02-20 06:23:59
22402,552,9,100.00,10.00,10.00,10.00,2020-02-20 06:30:14
22431,553,9,100.00,10.00,10.00,10.00,2020-02-20 09:43:39
22429,554,9,100.00,10.00,10.00,10.00,2020-02-20 09:46:42
2226,555,9,100.00,10.00,10.00,10.00,2020-02-20 12:23:55
21960,556,9,250.00,25.00,25.00,25.00,2020-02-20 12:47:51
20891,557,9,100.00,10.00,10.00,10.00,2020-02-20 14:14:11
20886,558,9,100.00,10.00,10.00,10.00,2020-02-20 14:15:29
20890,559,9,100.00,10.00,10.00,10.00,2020-02-20 14:16:39
20885,560,9,100.00,10.00,10.00,10.00,2020-02-20 14:18:20
18236,561,9,100.00,10.00,10.00,10.00,2020-02-20 14:20:50
22634,562,9,100.00,10.00,10.00,10.00,2020-02-20 16:16:39
20290,563,9,100.00,10.00,10.00,10.00,2020-02-20 16:51:09
2722,564,9,100.00,10.00,10.00,10.00,2020-02-20 17:23:40
8919,565,8,500.00,50.00,50.00,50.00,2020-02-20 18:38:51
22764,566,9,200.00,20.00,10.00,20.00,2020-02-25 16:36:58
2112,567,8,100.00,10.00,20.00,10.00,2020-02-20 22:41:28
1548,568,9,100.00,10.00,10.00,10.00,2020-02-21 09:14:28
16684,569,9,100.00,10.00,10.00,10.00,2020-02-21 11:21:43
22083,570,9,100.00,10.00,10.00,10.00,2020-02-21 12:25:56
22659,571,9,100.00,10.00,10.00,10.00,2020-02-21 13:58:38
22363,572,9,250.00,25.00,25.00,25.00,2020-02-21 14:18:11
22848,573,8,100.00,10.00,10.00,10.00,2020-02-21 15:23:47
22661,574,9,100.00,10.00,10.00,10.00,2020-02-21 15:40:18
472,575,9,100.00,10.00,10.00,10.00,2020-02-21 16:08:16
18022,576,8,100.00,10.00,10.00,10.00,2020-02-21 17:09:22
22138,577,9,250.00,25.00,25.00,25.00,2020-02-21 19:33:46
22587,578,9,500.00,50.00,50.00,50.00,2020-02-21 20:40:50
11655,579,9,250.00,25.00,25.00,25.00,2020-02-21 20:46:47
18678,580,9,100.00,10.00,10.00,10.00,2020-02-21 21:08:26
16658,581,6,250.00,25.00,50.00,25.00,2020-02-21 21:15:43
669,582,8,250.00,25.00,50.00,25.00,2020-02-21 23:39:29
16982,583,9,100.00,10.00,10.00,10.00,2020-02-22 01:12:01
18635,584,9,100.00,10.00,10.00,10.00,2020-02-22 02:04:48
21645,585,9,250.00,25.00,25.00,25.00,2020-02-22 05:13:56
22101,586,6,250.00,25.00,25.00,25.00,2020-02-22 06:27:29
22101,586,6,250.00,25.00,50.00,25.00,2020-02-22 06:27:29
2396,587,9,100.00,10.00,10.00,10.00,2020-02-22 08:02:45
22906,588,9,250.00,25.00,25.00,25.00,2020-02-22 11:10:03
4248,589,9,250.00,25.00,25.00,25.00,2020-02-22 12:08:01
1660,590,5,100.00,10.00,50.00,10.00,2020-02-22 15:02:25
1672,591,5,100.00,10.00,50.00,10.00,2020-02-22 15:04:40
346,592,9,100.00,10.00,10.00,10.00,2020-02-22 16:57:24
18640,593,9,250.00,25.00,25.00,25.00,2020-02-22 17:06:16
18159,594,9,100.00,10.00,10.00,10.00,2020-02-22 17:35:16
18033,595,9,100.00,10.00,10.00,10.00,2020-02-22 17:38:18
466,596,9,250.00,25.00,25.00,25.00,2020-02-22 17:41:55
22891,597,9,500.00,50.00,50.00,50.00,2020-02-22 20:20:57
22095,598,9,500.00,50.00,50.00,50.00,2020-02-22 20:40:10
22312,599,9,250.00,25.00,25.00,25.00,2020-02-23 03:20:05
285,600,9,250.00,25.00,25.00,25.00,2020-02-23 05:20:21
18531,601,9,100.00,10.00,10.00,10.00,2020-02-23 12:12:44
11363,602,9,1250.00,125.00,100.00,125.00,2020-02-29 18:42:07
11363,602,9,1250.00,125.00,25.00,125.00,2020-02-29 18:42:07
17186,603,9,250.00,25.00,25.00,25.00,2020-02-23 15:03:13
22599,604,9,100.00,10.00,10.00,10.00,2020-02-23 16:51:26
21840,605,9,100.00,10.00,10.00,10.00,2020-02-23 18:02:21
22171,606,9,100.00,10.00,10.00,10.00,2020-02-23 18:53:39
528,607,9,100.00,10.00,10.00,10.00,2020-02-23 19:13:02
2093,608,9,100.00,10.00,10.00,10.00,2020-02-23 20:40:36
483,609,9,100.00,10.00,10.00,10.00,2020-02-23 20:58:01
2362,610,9,250.00,25.00,25.00,25.00,2020-02-23 22:56:16
295,611,8,100.00,10.00,20.00,10.00,2020-02-24 03:09:24
21740,612,9,100.00,10.00,10.00,10.00,2020-02-24 07:01:57
18559,613,9,500.00,50.00,50.00,50.00,2020-02-24 12:56:49
22451,614,9,100.00,10.00,10.00,10.00,2020-02-24 15:11:07
22248,615,9,100.00,10.00,10.00,10.00,2020-02-24 15:32:08
16717,616,9,100.00,10.00,10.00,10.00,2020-02-24 16:38:01
23084,617,9,100.00,10.00,10.00,10.00,2020-02-24 16:45:52
358,618,9,100.00,10.00,10.00,10.00,2020-02-24 17:22:13
368,619,9,100.00,10.00,10.00,10.00,2020-02-24 17:24:57
373,620,9,100.00,10.00,10.00,10.00,2020-02-24 17:26:55
386,621,9,100.00,10.00,10.00,10.00,2020-02-24 17:28:50
375,622,9,100.00,10.00,10.00,10.00,2020-02-24 17:30:48
18903,623,9,100.00,10.00,10.00,10.00,2020-02-24 18:05:10
22613,624,9,250.00,25.00,25.00,25.00,2020-02-24 18:17:58
18645,625,9,100.00,10.00,10.00,10.00,2020-02-24 18:21:47
256,626,9,100.00,10.00,10.00,10.00,2020-02-24 19:29:19
2487,627,9,250.00,25.00,25.00,25.00,2020-02-24 19:33:45
22478,628,9,100.00,10.00,10.00,10.00,2020-02-24 20:46:48
6223,629,9,250.00,25.00,25.00,25.00,2020-02-24 20:58:59
2823,630,7,100.00,10.00,20.00,10.00,2020-02-24 21:08:42
2823,630,7,100.00,10.00,10.00,10.00,2020-02-24 21:08:42
376,631,9,100.00,10.00,10.00,10.00,2020-02-24 21:11:22
18383,632,9,250.00,25.00,25.00,25.00,2020-02-24 22:24:15
23058,633,29,10000.00,334.00,334.00,334.00,2020-02-24 22:55:30
22057,634,9,250.00,25.00,25.00,25.00,2020-02-24 23:20:00
23057,635,7,250.00,25.00,25.00,25.00,2020-02-24 23:23:56
23160,636,9,100.00,10.00,10.00,10.00,2020-02-24 23:34:43
22058,637,9,250.00,25.00,25.00,25.00,2020-02-24 23:37:55
12843,638,9,100.00,10.00,10.00,10.00,2020-02-25 01:50:41
23051,639,9,100.00,10.00,10.00,10.00,2020-02-25 01:59:50
20403,640,9,100.00,10.00,10.00,10.00,2020-02-25 04:24:12
23161,641,5,250.00,25.00,25.00,25.00,2020-02-25 04:50:58
22841,642,9,100.00,10.00,10.00,10.00,2020-02-25 09:09:11
23011,643,9,250.00,25.00,25.00,25.00,2020-02-25 09:30:27
21747,644,9,100.00,10.00,10.00,10.00,2020-02-25 11:14:56
2275,645,9,100.00,10.00,10.00,10.00,2020-02-25 11:23:28
2367,646,9,100.00,10.00,10.00,10.00,2020-02-25 11:26:35
23183,647,9,100.00,10.00,10.00,10.00,2020-02-25 14:25:17
23186,648,9,100.00,10.00,10.00,10.00,2020-02-25 14:30:56
1710,649,9,100.00,10.00,10.00,10.00,2020-02-25 14:38:31
2298,650,9,100.00,10.00,10.00,10.00,2020-02-25 17:06:19
21292,651,9,100.00,10.00,10.00,10.00,2020-02-25 17:16:03
19793,652,9,250.00,25.00,25.00,25.00,2020-02-25 18:17:22
19667,653,9,100.00,10.00,10.00,10.00,2020-02-25 19:37:10
135,654,9,100.00,10.00,10.00,10.00,2020-02-25 19:40:34
1130,655,8,100.00,10.00,20.00,10.00,2020-02-25 23:04:05
22337,656,8,100.00,10.00,20.00,10.00,2020-02-25 23:07:37
2490,657,9,100.00,10.00,10.00,10.00,2020-02-25 23:08:33
17709,658,7,250.00,25.00,25.00,25.00,2020-02-26 00:04:00
23093,659,8,250.00,25.00,25.00,25.00,2020-02-26 00:28:15
23104,660,9,100.00,10.00,10.00,10.00,2020-02-26 01:04:44
21057,661,9,250.00,25.00,25.00,25.00,2020-02-26 03:31:32
19806,662,9,100.00,10.00,10.00,10.00,2020-02-26 04:31:32
8120,663,9,100.00,10.00,10.00,10.00,2020-02-26 09:16:25
2727,664,9,100.00,10.00,10.00,10.00,2020-02-26 09:21:01
21636,665,0,100.00,10.00,10.00,10.00,2020-02-26 09:22:05
21636,665,0,100.00,10.00,90.00,10.00,2020-02-26 09:22:05
23088,666,6,100.00,10.00,10.00,10.00,2020-02-26 10:25:50
18218,667,9,250.00,25.00,25.00,25.00,2020-02-26 12:10:16
22175,668,9,100.00,10.00,10.00,10.00,2020-02-26 12:59:38
22017,669,9,100.00,10.00,10.00,10.00,2020-02-26 14:27:57
268,670,9,100.00,10.00,10.00,10.00,2020-02-26 14:30:22
2555,671,9,100.00,10.00,10.00,10.00,2020-02-26 14:39:06
16187,672,9,100.00,10.00,10.00,10.00,2020-02-26 15:34:26
2829,673,9,100.00,10.00,10.00,10.00,2020-02-26 16:24:43
23124,674,5,100.00,10.00,20.00,10.00,2020-02-26 18:36:55
23124,674,5,100.00,10.00,10.00,10.00,2020-02-26 18:36:55
18045,675,9,250.00,25.00,25.00,25.00,2020-02-26 19:28:02
22403,676,9,250.00,25.00,25.00,25.00,2020-02-26 19:37:02
20211,677,9,100.00,10.00,10.00,10.00,2020-02-26 20:03:20
22391,678,9,100.00,10.00,10.00,10.00,2020-02-26 20:12:08
22405,679,9,250.00,25.00,25.00,25.00,2020-02-26 20:16:44
23285,680,9,1000.00,100.00,100.00,100.00,2020-02-26 20:29:27
20606,681,9,100.00,10.00,10.00,10.00,2020-02-26 22:34:10
21142,682,9,100.00,10.00,10.00,10.00,2020-02-26 22:49:54
2879,683,9,100.00,10.00,10.00,10.00,2020-02-26 23:34:22
2528,684,9,100.00,10.00,10.00,10.00,2020-02-26 23:45:42
22314,685,9,250.00,25.00,25.00,25.00,2020-02-27 00:17:14
23334,686,9,350.00,35.00,10.00,35.00,2020-02-27 03:19:21
23334,686,9,350.00,35.00,25.00,35.00,2020-02-27 03:19:21
23222,687,9,600.00,60.00,50.00,60.00,2020-02-27 03:43:30
23222,687,9,600.00,60.00,10.00,60.00,2020-02-27 03:43:30
19118,688,9,100.00,10.00,10.00,10.00,2020-02-27 04:34:54
19273,689,9,250.00,25.00,25.00,25.00,2020-02-27 05:03:53
23259,690,9,100.00,10.00,10.00,10.00,2020-02-27 08:02:18
23251,691,9,100.00,10.00,10.00,10.00,2020-02-27 09:19:05
21923,692,9,100.00,10.00,10.00,10.00,2020-02-27 09:40:24
2224,693,9,100.00,10.00,10.00,10.00,2020-02-27 09:47:54
23042,694,8,100.00,10.00,10.00,10.00,2020-02-27 10:53:35
23355,695,8,250.00,25.00,50.00,25.00,2020-02-27 11:41:25
487,696,9,250.00,25.00,25.00,25.00,2020-02-27 12:19:52
22310,697,8,100.00,10.00,10.00,10.00,2020-02-27 12:19:55
23027,698,9,100.00,10.00,10.00,10.00,2020-02-27 12:31:41
14453,699,9,100.00,10.00,10.00,10.00,2020-02-27 13:04:30
23348,701,9,100.00,10.00,10.00,10.00,2020-02-27 13:43:31
23345,702,9,100.00,10.00,10.00,10.00,2020-02-27 14:38:56
23341,703,9,100.00,10.00,10.00,10.00,2020-02-27 14:56:17
6024,704,9,100.00,10.00,10.00,10.00,2020-02-27 16:39:09
18001,705,9,250.00,25.00,25.00,25.00,2020-02-27 16:41:19
23089,706,9,100.00,10.00,10.00,10.00,2020-02-27 16:57:24
23392,707,9,250.00,25.00,25.00,25.00,2020-02-27 16:59:29
21351,708,9,100.00,10.00,10.00,10.00,2020-02-27 17:35:48
18837,709,9,250.00,25.00,25.00,25.00,2020-02-27 17:36:48
23293,710,7,100.00,10.00,10.00,10.00,2020-02-27 18:04:06
1462,711,9,100.00,10.00,10.00,10.00,2020-02-27 18:27:08
22394,712,9,100.00,10.00,10.00,10.00,2020-02-27 19:06:59
23281,713,9,100.00,10.00,10.00,10.00,2020-02-27 19:14:09
21898,714,9,100.00,10.00,10.00,10.00,2020-02-27 19:57:33
22807,715,9,100.00,10.00,10.00,10.00,2020-02-27 20:02:35
21976,716,9,250.00,25.00,25.00,25.00,2020-02-27 20:14:24
5489,717,9,100.00,10.00,10.00,10.00,2020-02-27 20:14:28
23254,718,9,100.00,10.00,10.00,10.00,2020-02-27 20:20:35
23378,719,9,250.00,25.00,25.00,25.00,2020-02-27 20:47:23
5321,720,9,250.00,25.00,25.00,25.00,2020-02-27 20:50:55
23048,721,8,100.00,10.00,20.00,10.00,2020-02-27 20:53:41
22859,722,9,100.00,10.00,10.00,10.00,2020-02-27 21:07:16
23351,723,9,100.00,10.00,10.00,10.00,2020-02-27 21:56:50
22994,724,9,250.00,25.00,25.00,25.00,2020-02-27 22:07:07
18067,725,9,250.00,25.00,25.00,25.00,2020-02-27 22:11:28
17074,726,9,250.00,25.00,25.00,25.00,2020-02-27 22:15:45
21418,727,9,100.00,10.00,10.00,10.00,2020-02-27 22:48:26
20616,728,9,500.00,50.00,50.00,50.00,2020-02-27 23:07:17
17547,729,9,250.00,25.00,25.00,25.00,2020-02-27 23:28:39
19902,730,9,250.00,25.00,25.00,25.00,2020-02-28 00:07:01
22965,731,29,5000.00,167.00,167.00,167.00,2020-02-28 01:15:24
23423,732,9,100.00,10.00,10.00,10.00,2020-02-28 01:17:29
22851,733,9,250.00,25.00,25.00,25.00,2020-02-28 05:03:03
21901,734,9,250.00,25.00,25.00,25.00,2020-02-28 05:09:22
5456,735,8,100.00,10.00,20.00,10.00,2020-02-28 07:20:53
23397,736,9,100.00,10.00,10.00,10.00,2020-02-28 08:50:01
4394,737,9,100.00,10.00,10.00,10.00,2020-02-28 09:03:10
21744,738,8,100.00,10.00,20.00,10.00,2020-02-28 10:02:08
19548,739,9,100.00,10.00,10.00,10.00,2020-02-28 10:11:49
21849,740,9,100.00,10.00,10.00,10.00,2020-02-28 10:21:56
2266,741,9,100.00,10.00,10.00,10.00,2020-02-28 10:43:45
2209,742,9,100.00,10.00,10.00,10.00,2020-02-28 10:45:09
23444,743,9,100.00,10.00,10.00,10.00,2020-02-28 10:46:37
13724,744,9,100.00,10.00,10.00,10.00,2020-02-28 10:47:24
22874,745,9,250.00,25.00,25.00,25.00,2020-02-28 11:09:35
20827,746,9,100.00,10.00,10.00,10.00,2020-02-28 11:11:22
10660,747,9,100.00,10.00,10.00,10.00,2020-02-28 11:34:39
16708,748,9,100.00,10.00,10.00,10.00,2020-02-28 11:56:43
23350,749,9,100.00,10.00,10.00,10.00,2020-02-28 12:31:11
846,750,9,100.00,10.00,10.00,10.00,2020-02-28 12:40:28
23451,751,9,100.00,10.00,10.00,10.00,2020-02-28 13:24:46
3479,752,9,100.00,10.00,10.00,10.00,2020-02-28 13:34:13
21745,753,9,100.00,10.00,10.00,10.00,2020-02-28 13:39:18
18455,754,9,500.00,50.00,50.00,50.00,2020-02-28 14:24:30
18453,755,9,100.00,10.00,10.00,10.00,2020-02-28 14:32:44
148,756,0,100.00,10.00,10.00,10.00,2020-02-28 14:33:55
18452,757,9,100.00,10.00,10.00,10.00,2020-02-28 14:47:41
23114,758,9,100.00,10.00,10.00,10.00,2020-02-28 14:58:12
22832,759,9,100.00,10.00,10.00,10.00,2020-02-28 15:00:11
23443,760,9,1000.00,100.00,100.00,100.00,2020-02-28 15:20:47
23463,761,8,100.00,10.00,10.00,10.00,2020-02-28 15:20:50
5520,762,9,250.00,25.00,25.00,25.00,2020-02-28 15:31:54
4578,763,9,100.00,10.00,10.00,10.00,2020-02-28 15:37:27
13656,764,9,100.00,10.00,10.00,10.00,2020-02-28 15:42:38
22596,765,9,100.00,10.00,10.00,10.00,2020-02-28 15:52:15
16271,766,9,100.00,10.00,10.00,10.00,2020-02-28 16:06:40
4249,767,9,100.00,10.00,10.00,10.00,2020-02-28 16:36:48
923,768,8,100.00,10.00,10.00,10.00,2020-02-28 16:50:48
23478,769,9,1000.00,100.00,100.00,100.00,2020-02-28 17:21:26
21959,770,9,100.00,10.00,10.00,10.00,2020-02-28 17:24:14
17738,771,28,10000.00,334.00,334.00,334.00,2020-02-28 17:24:54
19283,772,8,100.00,10.00,10.00,10.00,2020-02-28 17:38:14
23358,773,9,100.00,10.00,10.00,10.00,2020-02-28 17:49:24
456,774,7,100.00,10.00,20.00,10.00,2020-02-28 17:58:29
456,774,7,100.00,10.00,10.00,10.00,2020-02-28 17:58:29
20854,775,9,100.00,10.00,10.00,10.00,2020-02-28 18:01:40
21264,776,9,100.00,10.00,10.00,10.00,2020-02-28 18:12:05
18713,777,9,250.00,25.00,25.00,25.00,2020-02-28 18:20:09
13726,778,9,100.00,10.00,10.00,10.00,2020-02-28 18:36:59
121,779,9,100.00,10.00,10.00,10.00,2020-02-28 18:43:03
23311,780,9,250.00,25.00,25.00,25.00,2020-02-28 18:44:01
23455,781,9,250.00,25.00,25.00,25.00,2020-02-28 18:45:08
23496,782,9,100.00,10.00,10.00,10.00,2020-02-28 19:09:55
23424,783,7,500.00,50.00,50.00,50.00,2020-02-28 19:51:23
23434,784,9,250.00,25.00,25.00,25.00,2020-02-28 19:51:36
4404,785,9,100.00,10.00,10.00,10.00,2020-02-28 19:54:27
4671,786,9,100.00,10.00,10.00,10.00,2020-02-28 20:02:03
23493,787,9,100.00,10.00,10.00,10.00,2020-02-28 20:16:21
17323,788,7,100.00,10.00,10.00,10.00,2020-02-28 20:32:21
23483,789,9,100.00,10.00,10.00,10.00,2020-02-28 20:34:20
23301,790,9,250.00,25.00,25.00,25.00,2020-02-28 20:46:22
23526,791,9,250.00,25.00,25.00,25.00,2020-02-28 20:52:09
23432,792,9,250.00,25.00,25.00,25.00,2020-02-28 20:54:13
18337,793,9,250.00,25.00,25.00,25.00,2020-02-28 21:18:29
23153,794,9,100.00,10.00,10.00,10.00,2020-02-28 21:23:35
18527,795,9,100.00,10.00,10.00,10.00,2020-02-28 21:42:46
10675,796,9,100.00,10.00,10.00,10.00,2020-02-28 21:47:51
23426,797,9,350.00,35.00,10.00,35.00,2020-02-29 03:08:29
23426,797,9,350.00,35.00,25.00,35.00,2020-02-29 03:08:29
23487,798,9,100.00,10.00,10.00,10.00,2020-02-28 21:55:45
20610,799,9,100.00,10.00,10.00,10.00,2020-02-28 21:57:39
964,800,8,100.00,10.00,10.00,10.00,2020-02-28 22:03:32
20615,801,9,100.00,10.00,10.00,10.00,2020-02-28 22:07:44
23030,802,9,250.00,25.00,25.00,25.00,2020-02-28 22:36:24
21788,803,9,100.00,10.00,10.00,10.00,2020-02-28 22:36:29
17717,804,8,250.00,25.00,25.00,25.00,2020-02-28 22:46:44
21191,805,9,100.00,10.00,10.00,10.00,2020-02-28 22:47:33
22972,806,8,100.00,10.00,10.00,10.00,2020-02-28 22:56:47
22558,807,9,100.00,10.00,10.00,10.00,2020-02-28 23:11:09
23560,808,9,100.00,10.00,10.00,10.00,2020-02-29 00:00:40
19579,809,9,100.00,10.00,10.00,10.00,2020-02-29 00:21:09
19676,810,9,500.00,50.00,50.00,50.00,2020-02-29 00:31:07
22605,811,9,250.00,25.00,25.00,25.00,2020-02-29 01:17:46
17913,812,9,250.00,25.00,25.00,25.00,2020-02-29 02:16:32
22968,813,9,350.00,35.00,25.00,35.00,2020-02-29 02:20:01
22968,813,9,350.00,35.00,10.00,35.00,2020-02-29 02:20:01
23056,814,9,100.00,10.00,10.00,10.00,2020-02-29 02:31:10
17222,815,9,100.00,10.00,10.00,10.00,2020-02-29 03:07:41
22126,816,9,100.00,10.00,10.00,10.00,2020-02-29 04:11:02
23389,817,9,100.00,10.00,10.00,10.00,2020-02-29 04:42:59
1136,818,8,100.00,10.00,20.00,10.00,2020-02-29 05:47:25
21948,819,9,250.00,25.00,25.00,25.00,2020-02-29 05:56:23
23164,820,9,100.00,10.00,10.00,10.00,2020-02-29 06:13:21
18415,821,9,250.00,25.00,25.00,25.00,2020-02-29 06:23:29
15814,822,9,100.00,10.00,10.00,10.00,2020-02-29 06:52:46
22551,823,9,100.00,10.00,10.00,10.00,2020-02-29 07:11:34
15663,824,9,100.00,10.00,10.00,10.00,2020-02-29 08:18:44
199,825,8,100.00,10.00,20.00,10.00,2020-02-29 08:35:52
18461,826,9,100.00,10.00,10.00,10.00,2020-02-29 09:10:45
16006,827,9,100.00,10.00,10.00,10.00,2020-02-29 09:27:47
23448,828,9,100.00,10.00,10.00,10.00,2020-02-29 09:30:41
22717,829,9,100.00,10.00,10.00,10.00,2020-02-29 09:39:10
23209,830,9,100.00,10.00,10.00,10.00,2020-02-29 09:49:53
22646,831,9,100.00,10.00,10.00,10.00,2020-02-29 10:38:32
23450,832,9,250.00,25.00,25.00,25.00,2020-02-29 10:48:16
2221,833,9,100.00,10.00,10.00,10.00,2020-02-29 10:49:12
23558,834,9,250.00,25.00,25.00,25.00,2020-02-29 10:51:39
22649,835,9,100.00,10.00,10.00,10.00,2020-02-29 10:51:40
23557,836,9,100.00,10.00,10.00,10.00,2020-02-29 11:20:25
3952,837,9,100.00,10.00,10.00,10.00,2020-02-29 11:31:17
23215,838,9,100.00,10.00,10.00,10.00,2020-02-29 11:39:52
23283,839,9,100.00,10.00,10.00,10.00,2020-02-29 12:32:13
21371,840,9,100.00,10.00,10.00,10.00,2020-02-29 13:23:28
4287,841,9,100.00,10.00,10.00,10.00,2020-02-29 13:31:47
15345,842,8,100.00,10.00,10.00,10.00,2020-02-29 13:52:15
22855,843,9,250.00,25.00,25.00,25.00,2020-02-29 14:07:42
23654,844,9,500.00,50.00,50.00,50.00,2020-02-29 14:26:03
18257,845,8,100.00,10.00,20.00,10.00,2020-02-29 14:33:21
23299,846,9,500.00,50.00,50.00,50.00,2020-02-29 14:48:57
23660,847,9,500.00,50.00,50.00,50.00,2020-02-29 14:49:54
13792,848,9,100.00,10.00,10.00,10.00,2020-02-29 14:52:43
23652,849,9,250.00,25.00,25.00,25.00,2020-02-29 14:54:03
22154,850,9,100.00,10.00,10.00,10.00,2020-02-29 14:59:57
23605,851,9,100.00,10.00,10.00,10.00,2020-02-29 15:00:54
19990,852,9,100.00,10.00,10.00,10.00,2020-02-29 15:05:36
23540,853,6,250.00,25.00,50.00,25.00,2020-02-29 15:06:36
23587,854,9,100.00,10.00,10.00,10.00,2020-02-29 15:08:42
21260,855,9,100.00,10.00,10.00,10.00,2020-02-29 15:16:56
14194,856,9,100.00,10.00,10.00,10.00,2020-02-29 15:21:00
16046,857,9,100.00,10.00,10.00,10.00,2020-02-29 15:34:47
23194,858,8,100.00,10.00,20.00,10.00,2020-02-29 15:36:01
22714,859,9,100.00,10.00,10.00,10.00,2020-02-29 15:36:30
22964,860,9,100.00,10.00,10.00,10.00,2020-02-29 15:40:17
23591,861,9,100.00,10.00,10.00,10.00,2020-02-29 15:43:17
15780,862,9,100.00,10.00,10.00,10.00,2020-02-29 15:45:52
1726,863,9,100.00,10.00,10.00,10.00,2020-02-29 15:50:36
21924,864,9,100.00,10.00,10.00,10.00,2020-02-29 15:52:57
15503,865,9,250.00,25.00,25.00,25.00,2020-02-29 15:59:16
1729,866,9,100.00,10.00,10.00,10.00,2020-02-29 16:12:06
22948,867,9,100.00,10.00,10.00,10.00,2020-02-29 16:32:00
62,868,9,250.00,25.00,25.00,25.00,2020-02-29 16:33:03
22501,869,9,100.00,10.00,10.00,10.00,2020-02-29 16:47:48
400,870,9,100.00,10.00,10.00,10.00,2020-02-29 16:54:46
20755,871,9,100.00,10.00,10.00,10.00,2020-02-29 17:04:28
12287,872,9,100.00,10.00,10.00,10.00,2020-02-29 17:06:01
23664,873,9,100.00,10.00,10.00,10.00,2020-02-29 17:07:56
23610,874,9,100.00,10.00,10.00,10.00,2020-02-29 17:13:11
22560,875,9,100.00,10.00,10.00,10.00,2020-02-29 17:13:26
23669,876,9,500.00,50.00,50.00,50.00,2020-02-29 17:29:25
21243,877,9,250.00,25.00,25.00,25.00,2020-02-29 17:36:20
21242,878,9,250.00,25.00,25.00,25.00,2020-02-29 17:39:29
22849,879,9,100.00,10.00,10.00,10.00,2020-02-29 17:50:12
22707,880,9,250.00,25.00,25.00,25.00,2020-02-29 17:50:41
19234,881,9,100.00,10.00,10.00,10.00,2020-02-29 17:54:29
22438,882,9,100.00,10.00,10.00,10.00,2020-02-29 18:01:19
22695,883,9,250.00,25.00,25.00,25.00,2020-02-29 18:09:39
22992,884,9,100.00,10.00,10.00,10.00,2020-02-29 18:11:27
95,885,9,1000.00,100.00,100.00,100.00,2020-02-29 18:13:49
23547,886,9,100.00,10.00,10.00,10.00,2020-02-29 18:26:00
18562,887,9,100.00,10.00,10.00,10.00,2020-02-29 18:26:14
23590,888,9,100.00,10.00,10.00,10.00,2020-02-29 18:31:17
21294,889,9,100.00,10.00,10.00,10.00,2020-02-29 18:35:16
20296,890,9,100.00,10.00,10.00,10.00,2020-02-29 18:36:02
23689,891,9,100.00,10.00,10.00,10.00,2020-02-29 18:58:27
8825,892,9,100.00,10.00,10.00,10.00,2020-02-29 19:03:53
17742,893,9,100.00,10.00,10.00,10.00,2020-02-29 19:05:41
23685,894,9,250.00,25.00,25.00,25.00,2020-02-29 19:16:12
22657,895,9,100.00,10.00,10.00,10.00,2020-02-29 19:31:13
23232,896,9,250.00,25.00,25.00,25.00,2020-02-29 19:40:42
4915,897,9,100.00,10.00,10.00,10.00,2020-02-29 19:47:15
22875,898,8,100.00,10.00,10.00,10.00,2020-02-29 19:56:08
22899,899,9,100.00,10.00,10.00,10.00,2020-02-29 20:01:27
22898,900,9,100.00,10.00,10.00,10.00,2020-02-29 20:06:04
22902,901,9,100.00,10.00,10.00,10.00,2020-02-29 20:10:31
23288,902,9,100.00,10.00,10.00,10.00,2020-02-29 20:17:52
23428,903,9,100.00,10.00,10.00,10.00,2020-02-29 20:19:34
23415,904,9,100.00,10.00,10.00,10.00,2020-02-29 20:21:01
23321,905,9,100.00,10.00,10.00,10.00,2020-02-29 20:23:37
23408,906,9,100.00,10.00,10.00,10.00,2020-02-29 20:25:52
23333,907,9,100.00,10.00,10.00,10.00,2020-02-29 20:27:38
14766,908,9,100.00,10.00,10.00,10.00,2020-02-29 20:27:45
23335,909,9,100.00,10.00,10.00,10.00,2020-02-29 20:29:03
23332,910,9,100.00,10.00,10.00,10.00,2020-02-29 20:30:42
23698,911,9,100.00,10.00,10.00,10.00,2020-02-29 20:31:53
23596,912,9,100.00,10.00,10.00,10.00,2020-02-29 20:32:46
23225,913,9,100.00,10.00,10.00,10.00,2020-02-29 20:33:50
23237,914,9,250.00,25.00,25.00,25.00,2020-02-29 20:36:18
23606,915,9,100.00,10.00,10.00,10.00,2020-02-29 20:43:41
6622,916,9,250.00,25.00,25.00,25.00,2020-02-29 20:49:02
105,917,9,250.00,25.00,25.00,25.00,2020-02-29 20:49:06
17169,918,9,100.00,10.00,10.00,10.00,2020-02-29 20:53:11
21474,919,7,100.00,10.00,10.00,10.00,2020-02-29 20:54:04
2238,920,9,100.00,10.00,10.00,10.00,2020-02-29 20:59:14
19257,921,9,500.00,50.00,50.00,50.00,2020-02-29 21:05:53
18803,922,9,100.00,10.00,10.00,10.00,2020-02-29 21:06:58
19293,923,9,100.00,10.00,10.00,10.00,2020-02-29 21:16:57
4525,924,9,100.00,10.00,10.00,10.00,2020-02-29 21:23:08
23523,925,9,100.00,10.00,10.00,10.00,2020-02-29 21:28:43
23708,926,9,100.00,10.00,10.00,10.00,2020-02-29 21:29:59
23205,927,9,100.00,10.00,10.00,10.00,2020-02-29 21:32:21
23699,928,9,250.00,25.00,25.00,25.00,2020-02-29 21:33:25
21269,929,9,100.00,10.00,10.00,10.00,2020-02-29 21:42:19
23649,930,9,100.00,10.00,10.00,10.00,2020-02-29 21:44:28
20213,931,9,100.00,10.00,10.00,10.00,2020-02-29 21:47:39
23628,932,9,100.00,10.00,10.00,10.00,2020-02-29 21:49:19
19427,933,9,100.00,10.00,10.00,10.00,2020-02-29 21:57:50
4939,934,9,100.00,10.00,10.00,10.00,2020-02-29 21:59:58
19285,935,9,100.00,10.00,10.00,10.00,2020-02-29 22:06:33
13802,936,9,100.00,10.00,10.00,10.00,2020-02-29 22:06:43
12999,937,9,100.00,10.00,10.00,10.00,2020-02-29 22:08:21
1547,938,9,250.00,25.00,25.00,25.00,2020-02-29 22:13:17
21851,939,9,100.00,10.00,10.00,10.00,2020-02-29 22:14:17
3569,940,19,3000.00,150.00,150.00,150.00,2020-02-29 22:16:21
20208,941,9,100.00,10.00,10.00,10.00,2020-02-29 22:18:44
20379,942,9,100.00,10.00,10.00,10.00,2020-02-29 22:23:30
23722,943,9,100.00,10.00,10.00,10.00,2020-02-29 22:27:28
379,944,9,1000.00,100.00,100.00,100.00,2020-02-29 22:29:32
82,945,9,100.00,10.00,10.00,10.00,2020-02-29 22:40:54
23190,946,9,250.00,25.00,25.00,25.00,2020-02-29 22:43:51
23261,947,9,100.00,10.00,10.00,10.00,2020-02-29 22:47:04
4023,948,9,100.00,10.00,10.00,10.00,2020-02-29 22:49:37
23726,949,9,100.00,10.00,10.00,10.00,2020-02-29 22:55:16
20332,950,9,250.00,25.00,25.00,25.00,2020-02-29 22:55:30
22757,951,9,250.00,25.00,25.00,25.00,2020-02-29 22:55:47
23720,952,9,100.00,10.00,10.00,10.00,2020-02-29 22:56:23
17021,953,9,100.00,10.00,10.00,10.00,2020-02-29 22:58:21
10263,954,9,100.00,10.00,10.00,10.00,2020-02-29 23:07:25
21357,955,9,100.00,10.00,10.00,10.00,2020-02-29 23:19:25
17693,956,9,100.00,10.00,10.00,10.00,2020-02-29 23:20:42
20888,957,9,100.00,10.00,10.00,10.00,2020-02-29 23:22:31
23728,958,9,100.00,10.00,10.00,10.00,2020-02-29 23:25:15
22318,959,9,250.00,25.00,25.00,25.00,2020-02-29 23:25:37
18007,960,8,100.00,10.00,20.00,10.00,2020-02-29 23:27:19
23739,961,9,500.00,50.00,50.00,50.00,2020-02-29 23:28:27
23543,962,8,100.00,10.00,20.00,10.00,2020-02-29 23:28:55
23545,963,8,100.00,10.00,20.00,10.00,2020-02-29 23:30:46
179,964,9,100.00,10.00,10.00,10.00,2020-02-29 23:32:43
23548,965,9,100.00,10.00,10.00,10.00,2020-02-29 23:33:55
23550,966,9,100.00,10.00,10.00,10.00,2020-02-29 23:34:48
23551,967,8,100.00,10.00,20.00,10.00,2020-02-29 23:36:06
17523,968,9,100.00,10.00,10.00,10.00,2020-02-29 23:39:08
23538,969,9,100.00,10.00,10.00,10.00,2020-02-29 23:39:57
23574,970,9,100.00,10.00,10.00,10.00,2020-02-29 23:40:59
3751,971,9,100.00,10.00,10.00,10.00,2020-02-29 23:41:03
23576,972,9,100.00,10.00,10.00,10.00,2020-02-29 23:42:04
22158,973,9,250.00,25.00,25.00,25.00,2020-02-29 23:42:23
23577,974,9,100.00,10.00,10.00,10.00,2020-02-29 23:43:35
23578,975,9,100.00,10.00,10.00,10.00,2020-02-29 23:44:11
23580,976,9,100.00,10.00,10.00,10.00,2020-02-29 23:45:00
23581,977,9,100.00,10.00,10.00,10.00,2020-02-29 23:46:47
23469,978,9,100.00,10.00,10.00,10.00,2020-02-29 23:52:21
3753,979,9,100.00,10.00,10.00,10.00,2020-02-29 23:52:37
23745,980,9,100.00,10.00,10.00,10.00,2020-02-29 23:52:55
23742,981,9,100.00,10.00,10.00,10.00,2020-02-29 23:53:59
23746,982,9,100.00,10.00,10.00,10.00,2020-02-29 23:59:10
